Pclass,Sex,Age,SibSp,Parch,Fare,Embarked,HasCabin,FamilySize,IsAlone,Title,IsChild,Survived
3,0,17.0,0,0,-0.4737388549835896,0,0,1,1,0,0,0
1,0,28.0,0,0,-0.11378180429590201,0,1,1,1,0,0,1
1,0,4.0,0,2,0.9992084149381907,0,1,3,0,3,1,1
3,0,28.0,0,0,-0.4891674543273911,0,0,1,1,0,0,0
3,1,1.0,1,1,-0.4240179951183688,0,0,3,0,1,1,1
2,0,36.0,1,2,-0.0896337421952605,0,0,4,0,0,0,0
2,0,43.0,1,1,-0.1198188198210624,0,0,3,0,0,0,0
1,0,38.0,0,1,2.440127305160487,0,1,2,0,0,0,0
2,1,31.0,1,1,-0.1198188198210624,0,0,3,0,2,0,1
3,0,29.0,0,0,-0.4860644283474587,0,0,1,1,0,0,0
3,0,18.0,0,0,-0.4810335820764917,0,0,1,1,0,0,0
2,0,28.0,0,0,-0.3452007327603832,1,0,1,1,0,0,0
1,1,39.0,1,1,1.5832896669974574,1,1,3,0,2,0,1
2,0,39.0,0,0,-0.38645367218231247,0,0,1,1,0,0,0
3,0,26.0,2,0,-0.4737388549835896,0,0,3,0,0,0,0
3,0,20.0,0,0,-0.5061878134313267,0,0,1,1,0,0,0
1,1,28.0,1,0,2.0414327381863533,0,0,2,0,2,0,1
3,0,49.0,0,0,-0.6480576782725955,0,0,1,1,0,0,0
2,0,23.0,0,0,-0.3452852509777355,1,0,1,1,0,0,0
3,0,1.0,4,1,0.15058916724341292,0,0,6,0,3,1,0
3,1,28.0,0,0,-0.48950150251978336,2,0,1,1,1,0,1
3,0,28.0,1,2,-0.17616429805589262,0,0,4,0,0,0,0
2,0,3.0,1,1,-0.12484966609202938,0,1,3,0,3,1,1
3,0,4.0,1,1,-0.4240179951183688,0,0,3,0,3,1,1
3,0,19.0,0,0,-0.49411378238100595,0,1,1,1,0,0,0
3,0,40.5,0,0,-0.4921014438726191,2,0,1,1,0,0,0
3,1,1.0,0,2,-0.33128138729787177,1,0,3,0,1,1,1
3,1,28.0,0,2,-0.3412605739609619,1,0,3,0,2,0,0
3,0,21.0,0,0,-0.4885798514829422,0,0,1,1,0,0,0
1,0,54.0,0,0,0.39559138063950494,0,1,1,1,0,0,0
3,0,28.0,0,0,-0.33614520947264265,2,0,1,1,0,0,0
2,0,25.0,1,2,0.1886565748065659,1,0,4,0,0,0,0
3,0,26.0,1,0,-0.3571902455933517,1,0,2,0,0,0,0
3,1,22.0,0,0,-0.4364260743610817,0,0,1,1,1,0,0
3,1,31.0,1,1,-0.23502519942620634,0,0,3,0,2,0,1
1,0,49.0,1,0,1.1450204509173894,1,1,2,0,0,0,1
2,0,19.0,1,1,0.09147672355955087,0,0,3,0,0,0,0
2,0,24.0,0,0,-0.4367621348919823,0,0,1,1,0,0,0
3,0,16.0,0,0,-0.4860644283474587,0,0,1,1,0,0,1
1,0,25.0,1,0,0.46761700053168503,1,1,2,0,0,0,1
3,0,39.0,0,0,-0.16207792849718508,0,0,1,1,0,0,0
3,1,47.0,1,0,-0.3562685945565106,0,0,2,0,2,0,0
1,0,60.0,0,0,-0.11378180429590201,0,0,1,1,5,0,0
2,0,24.0,0,0,-0.38645367218231247,0,0,1,1,0,0,0
1,0,28.0,0,0,0.35811157592080095,0,1,1,1,0,0,0
2,1,27.0,1,0,-0.22546659151136902,0,0,2,0,2,0,0
2,0,28.0,0,0,-0.3690972525474764,1,0,1,1,0,0,1
3,0,38.0,0,0,-0.4891674543273911,0,0,1,1,0,0,0
3,0,44.0,0,0,-0.4860644283474587,0,0,1,1,0,0,0
2,1,21.0,0,0,-0.4367621348919823,0,0,1,1,1,0,1
3,1,24.0,0,2,-0.3119971473720011,0,1,3,0,2,0,1
2,1,45.0,0,0,-0.3763919796403785,0,0,1,1,2,0,1
2,0,8.0,1,1,0.09147672355955087,0,0,3,0,3,1,1
3,1,8.0,3,1,-0.22395733763007894,0,0,5,0,1,1,0
1,0,28.0,0,0,0.056260799662781996,0,1,1,1,0,0,0
3,0,32.0,0,0,-0.4860644283474587,0,1,1,1,0,0,1
1,0,50.0,1,0,0.4768395479156217,0,1,2,0,0,0,0
3,0,21.0,0,0,-0.4910952746184257,0,0,1,1,0,0,0
2,1,50.0,0,0,-0.4367621348919823,0,0,1,1,1,0,1
3,1,23.0,0,0,-0.4885798514829422,0,0,1,1,1,0,0
3,0,32.0,0,0,-0.4900045871468801,0,0,1,1,0,0,1
3,1,28.0,0,0,-0.4921014438726191,2,0,1,1,1,0,0
3,1,21.0,2,2,0.043683683985364534,0,0,5,0,1,0,0
3,0,28.0,0,0,-0.4921014438726191,2,0,1,1,0,0,0
3,0,25.0,0,0,-0.5026662210416497,1,0,1,1,0,0,0
3,0,15.0,1,1,-0.5025817028242976,1,0,3,0,0,0,0
3,1,31.0,1,0,-0.2858367467629728,0,0,2,0,2,0,0
2,0,25.0,0,0,-0.38645367218231247,0,0,1,1,0,0,0
2,0,54.0,0,0,-0.12484966609202938,0,0,1,1,0,0,0
1,0,28.0,0,0,0.29975375917758396,0,0,1,1,0,0,0
1,1,38.0,0,0,0.9618131284368389,0,1,1,1,1,0,1
2,1,41.0,0,1,-0.2556516691371709,0,0,2,0,2,0,1
3,0,33.0,0,0,-0.4737388549835896,1,0,1,1,0,0,0
2,0,52.0,0,0,-0.3763919796403785,0,0,1,1,0,0,0
3,0,16.0,1,1,-0.24055913032426998,0,0,3,0,0,0,0
3,0,20.0,0,0,-0.4860644283474587,0,0,1,1,0,0,0
3,0,9.0,4,2,-0.01643492895269092,0,0,7,0,3,1,0
3,0,28.0,0,0,-0.484806716779717,0,0,1,1,0,0,1
3,0,28.0,0,0,-0.49050767177397675,2,0,1,1,0,0,0
3,0,28.0,0,0,-0.4891674543273911,0,0,1,1,0,0,0
1,1,54.0,1,0,0.5472713957091595,1,0,2,0,2,0,1
3,0,26.0,0,0,-0.4891674543273911,0,0,1,1,0,0,0
1,0,60.0,1,1,0.9457144203697446,1,1,3,0,0,0,1
3,0,28.0,0,0,0.4888290607485903,0,0,1,1,0,0,1
1,1,44.0,0,1,0.5186800901819999,1,1,2,0,2,0,1
3,0,20.0,1,0,-0.4885798514829422,0,0,2,0,0,0,1
3,0,28.0,3,1,-0.13558146735725615,0,0,5,0,3,0,0
2,0,16.0,0,0,-0.4367621348919823,0,0,1,1,0,0,0
3,1,43.0,1,6,0.29572908216081034,0,0,8,0,2,0,0
3,0,17.0,0,0,-0.4737388549835896,0,0,1,1,0,0,0
1,0,37.0,1,1,0.40951072610201644,0,1,3,0,0,0,1
2,0,62.0,0,0,-0.4367621348919823,0,0,1,1,0,0,1
3,0,8.0,4,1,-0.0619640877049421,2,0,6,0,3,1,0
3,0,32.0,0,0,0.4888290607485903,0,0,1,1,0,0,1
3,1,20.0,1,0,-0.45034541982359316,0,0,2,0,1,0,0
2,1,28.0,0,0,-0.38645367218231247,0,0,1,1,1,0,1
3,1,21.0,0,0,-0.4921014438726191,2,0,1,1,1,0,0
3,0,37.0,2,0,-0.4885798514829422,0,0,3,0,0,0,0
3,1,17.0,0,0,-0.3571077397145079,1,0,1,1,1,0,0
3,1,28.0,0,0,-0.4921014438726191,2,0,1,1,1,0,1
1,0,46.0,1,0,0.5829904042330251,0,1,2,0,0,0,0
3,0,28.0,0,0,-0.3441945635061898,0,0,1,1,0,0,0
3,0,24.0,0,0,-0.4860644283474587,0,0,1,1,0,0,0
1,0,29.0,1,0,0.6921597683130085,0,1,2,0,0,0,0
1,1,56.0,0,1,1.025368815547219,1,1,2,0,2,0,1
2,0,31.0,1,1,0.09659208804787005,1,0,3,0,0,0,0
3,0,28.0,0,0,-0.4921014438726191,2,0,1,1,0,0,1
2,0,32.0,1,0,-0.12484966609202938,0,0,2,0,0,0,1
3,0,33.0,1,1,-0.23502519942620634,0,0,3,0,0,0,0
3,0,59.0,0,0,-0.5021631364145531,0,0,1,1,0,0,0
1,1,58.0,0,0,-0.11378180429590201,0,1,1,1,1,0,1
3,1,28.0,1,0,-0.32407117842232186,0,0,2,0,2,0,1
2,1,3.0,1,2,0.1886565748065659,1,0,4,0,1,1,1
3,0,28.0,0,0,-0.4891674543273911,1,0,1,1,0,0,0
1,1,16.0,0,1,0.5186800901819999,1,1,2,0,1,0,1
3,1,45.0,1,4,-0.08661523443268034,0,0,6,0,2,0,0
1,1,43.0,0,1,3.604768216889343,0,1,2,0,2,0,1
1,1,30.0,0,0,1.493573579278049,1,0,1,1,1,0,1
3,0,28.5,0,0,-0.32407117842232186,0,0,1,1,0,0,0
3,0,24.0,0,0,-0.49117979283577795,0,0,1,1,0,0,0
2,0,30.0,0,0,-0.38645367218231247,0,0,1,1,0,0,0
1,0,36.0,0,0,0.15939314821760514,1,1,1,1,0,0,0
3,0,25.0,0,0,-0.5061878134313267,0,0,1,1,0,0,0
3,1,28.0,0,2,-0.4921014438726191,2,0,3,0,1,0,0
1,1,50.0,0,0,-0.07026498405203765,1,1,1,1,1,0,0
3,1,0.75,2,1,-0.26051549131194185,1,0,4,0,1,1,1
1,1,24.0,0,0,0.34813440159621917,1,1,1,1,1,0,1
2,1,24.0,1,2,0.6599623521788199,0,0,4,0,1,0,1
1,1,35.0,1,0,0.3983583460885368,0,0,2,0,2,0,1
1,1,30.0,0,0,1.0926151314819803,0,1,1,1,1,0,1
2,0,23.0,0,0,-0.38645367218231247,0,0,1,1,0,0,0
3,0,28.0,0,0,-0.4891674543273911,0,0,1,1,0,0,0
2,0,27.0,0,0,-0.12484966609202938,0,0,1,1,0,0,0
2,1,55.0,0,0,-0.3260835169307087,0,0,1,1,2,0,1
1,1,35.0,1,0,0.42049406968079156,0,1,2,0,2,0,1
3,0,28.0,0,0,-0.5100454663519042,2,0,1,1,0,0,0
1,1,28.0,0,0,0.9457144203697446,1,0,1,1,2,0,1
3,0,28.0,1,0,-0.24626008531852978,0,0,2,0,0,0,0
2,1,23.0,0,0,-0.37052198821141424,1,1,1,1,2,0,1
3,1,28.0,0,0,-0.4924375044035197,2,0,1,1,1,0,1
1,1,23.0,1,0,1.6314187671025444,1,1,2,0,1,0,1
3,0,51.0,0,0,-0.4860644283474587,0,0,1,1,0,0,0
2,1,33.0,0,2,-0.12484966609202938,0,0,3,0,2,0,1
3,1,29.0,0,4,-0.22395733763007894,0,0,5,0,2,0,0
3,0,28.0,0,0,-0.4891674543273911,1,0,1,1,0,0,0
3,0,28.0,8,2,0.751523754310419,0,0,11,0,0,0,0
2,1,2.0,1,1,-0.12484966609202938,0,0,3,0,1,1,1
2,1,14.0,1,0,-0.04293139009261984,1,0,2,0,2,0,1
2,0,54.0,1,0,-0.12484966609202938,0,0,2,0,4,0,0
3,1,15.0,0,0,-0.4864829947572032,2,0,1,1,1,0,1
1,1,22.0,0,1,0.4587285013401406,0,1,2,0,1,0,1
2,0,27.0,0,0,-0.38645367218231247,0,0,1,1,0,0,0
3,0,28.0,0,0,-0.4891674543273911,0,0,1,1,0,0,0
1,0,28.0,0,0,0.1488283710485745,1,0,1,1,4,0,0
2,1,28.0,1,0,-0.16509643625976525,1,0,2,0,2,0,1
3,0,39.0,0,0,-0.4885798514829422,0,0,1,1,0,0,0
2,0,2.0,1,1,-0.12484966609202938,0,1,3,0,3,1,1
3,0,24.0,1,0,-0.32407117842232186,0,0,2,0,0,0,0
3,0,32.0,0,0,-0.4891674543273911,0,0,1,1,0,0,0
3,0,45.5,0,0,-0.5026662210416497,1,0,1,1,0,0,0
2,1,8.0,0,2,-0.1198188198210624,0,0,3,0,1,1,1
3,0,26.0,1,2,-0.23401903017201292,0,0,4,0,0,0,0
1,1,29.0,0,0,3.604768216889343,0,1,1,1,1,0,1
2,1,45.0,1,1,-0.1198188198210624,0,0,3,0,2,0,1
3,1,36.0,1,0,-0.2979107778132936,0,0,2,0,2,0,1
1,0,28.0,0,0,-0.12484966609202938,0,1,1,1,0,0,0
3,1,4.0,0,2,-0.20484012180040442,0,0,3,0,1,1,1
2,0,16.0,0,0,-0.12484966609202938,0,0,1,1,0,0,0
1,0,58.0,0,0,-0.050393141281718054,1,1,1,1,0,0,0
3,0,40.5,0,2,-0.3562685945565106,0,0,3,0,0,0,0
3,0,25.0,0,0,-0.49411378238100595,0,1,1,1,0,0,0
3,0,28.0,0,0,-0.4891674543273911,0,0,1,1,0,0,0
3,0,51.0,0,0,-0.5061032952139743,0,0,1,1,0,0,0
2,0,28.0,0,0,-0.6480576782725955,0,0,1,1,0,0,0
3,1,17.0,4,2,-0.4885798514829422,0,0,7,0,1,0,1
3,0,28.0,0,0,-0.5082001519397135,2,0,1,1,0,0,0
3,0,40.0,1,1,-0.33614520947264265,2,0,3,0,0,0,0
3,0,25.0,0,0,-0.6480576782725955,0,0,1,1,0,0,1
1,0,47.0,0,0,-0.13315056243912493,0,1,1,1,0,0,0
1,0,28.0,0,0,-0.11378180429590201,0,1,1,1,0,0,0
2,0,44.0,1,0,-0.12484966609202938,0,0,2,0,0,0,0
1,1,23.0,3,2,4.644392598784671,0,1,6,0,1,0,1
2,0,18.0,0,0,-0.4166387498081144,0,0,1,1,0,0,0
2,0,29.0,1,0,-0.22546659151136902,0,0,2,0,0,0,0
3,0,12.0,1,0,-0.42183662017527745,1,0,2,0,3,1,1
3,0,11.0,0,0,-0.2699895810094268,1,0,1,1,0,1,0
3,1,22.0,0,0,-0.4921014438726191,2,0,1,1,1,0,1
2,0,19.0,0,0,-0.4367621348919823,0,0,1,1,0,0,0
3,0,22.0,1,0,-0.5021631364145531,0,0,2,0,0,0,0
3,0,33.0,0,0,-0.4891674543273911,0,0,1,1,0,0,0
1,0,56.0,0,0,-0.11378180429590201,0,0,1,1,0,0,0
2,0,1.0,0,2,0.09659208804787005,1,0,3,0,3,1,1
3,0,22.0,0,0,-0.49117979283577795,0,0,1,1,0,0,0
3,0,28.0,0,0,-0.5025817028242976,1,0,1,1,0,0,0
3,0,28.0,0,0,-0.4921014438726191,2,0,1,1,0,0,0
3,0,7.0,4,1,-0.0619640877049421,2,0,6,0,3,1,0
3,1,4.0,0,1,-0.3780682576178647,1,0,2,0,1,1,1
3,0,70.5,0,0,-0.4921014438726191,2,0,1,1,0,0,0
2,0,18.0,0,0,-0.38645367218231247,0,0,1,1,0,0,0
3,0,20.0,1,1,-0.33128138729787177,1,0,3,0,0,0,1
2,0,24.0,2,0,0.8310111253916973,0,0,3,0,0,0,0
3,0,28.0,0,0,-0.5026662210416497,1,0,1,1,0,0,0
2,1,34.0,0,0,-0.4367621348919823,0,1,1,1,2,0,1
3,1,28.0,0,0,-0.4921014438726191,2,0,1,1,1,0,1
1,1,31.0,0,2,2.669618413333933,0,1,3,0,1,0,1
3,0,30.0,0,0,-0.4891674543273911,0,0,1,1,0,0,0
2,0,18.0,0,0,-0.4166387498081144,0,0,1,1,0,0,0
3,1,9.0,3,2,-0.08661523443268034,0,0,6,0,1,1,0
1,1,39.0,1,1,0.9547699436574852,0,1,3,0,2,0,1
1,1,33.0,1,0,0.42049406968079156,0,1,2,0,2,0,1
1,0,70.0,1,1,0.7807026626820275,0,1,3,0,5,0,0
1,1,24.0,0,0,0.746492908039452,1,1,1,1,2,0,1
1,1,58.0,0,1,2.440127305160487,0,1,2,0,2,0,1
3,0,21.0,0,0,-0.4900045871468801,0,0,1,1,0,0,0
1,1,17.0,1,0,1.5433789573606223,1,1,2,0,2,0,1
3,1,28.0,1,1,-0.3582809330648974,0,0,3,0,2,0,0
1,1,24.0,0,0,1.025368815547219,1,1,1,1,1,0,1
3,0,28.0,0,0,-0.5026662210416497,1,0,1,1,0,0,0
3,0,28.0,1,0,-0.33614520947264265,2,0,2,0,0,0,0
3,0,42.0,0,0,-0.4737388549835896,0,0,1,1,0,0,0
3,0,18.0,1,0,-0.5173401934448063,0,0,2,0,0,0,0
3,1,2.0,0,1,-0.40079158405456833,0,0,2,0,1,1,1
2,1,34.0,0,0,-0.38645367218231247,0,0,1,1,1,0,1
3,0,3.0,4,2,-0.01643492895269092,0,0,7,0,3,1,1
1,1,58.0,0,0,2.3004368029238007,1,1,1,1,1,0,1
3,0,32.0,0,0,-0.4921014438726191,2,0,1,1,0,0,0
3,0,31.0,0,0,-0.4885798514829422,0,0,1,1,0,0,1
3,0,28.0,0,0,-0.4915983592455224,0,0,1,1,0,0,1
2,1,27.0,1,0,-0.3691817707648286,1,0,2,0,1,0,1
3,0,11.0,5,2,0.29572908216081034,0,0,8,0,3,1,0
2,0,23.0,0,0,-0.38645367218231247,0,0,1,1,0,0,0
1,0,40.0,0,0,-0.6480576782725955,0,1,1,1,0,0,0
3,0,28.0,0,0,-0.5025817028242976,1,0,1,1,0,0,0
3,1,28.0,0,0,-0.4891674543273911,0,0,1,1,1,0,0
2,1,28.0,0,0,-0.38645367218231247,0,0,1,1,1,0,1
3,0,28.0,1,0,-0.24626008531852978,0,0,2,0,0,0,0
3,0,19.0,0,0,-0.4433867532615916,0,0,1,1,0,0,0
3,1,30.0,1,1,-0.16207792849718508,0,0,3,0,2,0,0
3,0,20.0,0,0,-0.4900045871468801,0,0,1,1,0,0,0
3,0,28.0,0,0,0.4888290607485903,0,0,1,1,0,0,0
3,0,36.0,0,0,-0.6480576782725955,0,0,1,1,0,0,0
3,0,28.0,0,0,-0.4860644283474587,0,0,1,1,0,0,0
1,1,24.0,3,2,4.644392598784671,0,1,6,0,1,0,1
3,0,28.5,0,0,-0.5025817028242976,1,0,1,1,0,0,0
3,1,24.0,0,3,-0.26051549131194185,1,0,4,0,2,0,1
2,0,42.0,0,0,-0.38645367218231247,0,0,1,1,4,0,0
1,0,54.0,0,1,0.907228446396847,0,1,2,0,0,0,0
3,0,25.0,0,0,-0.4922684679688152,2,0,1,1,0,0,0
3,0,7.0,4,1,0.15058916724341292,0,0,6,0,3,1,0
3,0,25.0,1,0,-0.2898614237797464,0,0,2,0,0,0,0
3,1,27.0,0,1,-0.3970184493513431,0,1,2,0,2,0,1
3,1,24.0,1,0,-0.32910202469328886,0,0,2,0,2,0,1
3,0,28.0,0,0,-0.5021631364145531,0,0,1,1,0,0,0
2,1,28.0,0,0,-0.3934968569616663,0,0,1,1,2,0,1
3,0,19.0,0,0,-0.3562685945565106,0,0,1,1,0,0,0
3,0,22.0,0,0,-0.5021631364145531,0,0,1,1,0,0,0
3,1,28.0,0,0,-0.5026662210416497,1,0,1,1,2,0,1
3,1,28.0,8,2,0.751523754310419,0,0,11,0,1,0,0
1,0,42.0,0,0,-0.11906419288041732,0,1,1,1,0,0,1
2,0,50.0,0,0,-0.38645367218231247,0,0,1,1,0,0,0
2,0,3.0,1,1,-0.27074420795007187,0,0,3,0,3,1,1
1,0,28.0,0,0,3.930515512934455,1,0,1,1,0,0,0
3,1,18.0,2,0,-0.2858367467629728,0,0,3,0,1,0,0
3,0,18.0,1,1,-0.4900045871468801,0,0,3,0,0,0,0
1,0,44.0,2,0,1.1630469792755183,2,1,3,0,4,0,0
1,0,28.0,0,0,-0.04435612575655766,0,1,1,1,0,0,1
1,0,28.0,0,0,0.20517384928340465,0,0,1,1,0,0,0
3,0,28.0,1,0,-0.16207792849718508,2,0,2,0,0,0,0
3,0,16.0,0,0,-0.4915983592455224,0,0,1,1,0,0,0
3,0,28.0,0,0,-0.5009054248468113,0,0,1,1,0,0,0
3,0,22.0,0,0,-0.4891674543273911,0,0,1,1,0,0,0
2,1,4.0,1,1,-0.18521982134363318,0,0,3,0,1,1,1
2,0,28.0,0,0,-0.38645367218231247,0,0,1,1,0,0,1
3,0,24.0,0,0,-0.504342499019136,0,0,1,1,0,0,1
2,1,30.0,0,0,-0.3995338724868266,2,0,1,1,1,0,1
3,1,29.0,0,2,-0.3412605739609619,1,0,3,0,2,0,1
3,0,24.0,0,0,-0.45688551997585025,0,0,1,1,0,0,0
1,1,45.0,1,1,2.669618413333933,0,0,3,0,2,0,1
2,1,32.0,0,0,-0.38645367218231247,0,0,1,1,2,0,1
3,0,21.0,0,0,-0.4885798514829422,0,0,1,1,0,0,0
1,0,35.0,0,0,9.661740103037395,1,1,1,1,0,0,1
3,1,28.0,8,2,0.751523754310419,0,0,11,0,1,0,0
3,0,28.0,2,0,-0.18018897507266618,2,0,3,0,0,0,1
1,0,36.0,0,1,9.661740103037395,1,1,2,0,0,0,1
3,1,41.0,0,5,0.15058916724341292,0,0,6,0,2,0,0
3,1,23.0,0,0,-0.4961261208893927,0,0,1,1,1,0,1
3,0,34.0,1,1,-0.3582809330648974,0,0,3,0,0,0,0
2,1,28.0,0,0,0.01601402949504613,0,0,1,1,1,0,1
3,0,28.0,0,0,-0.16207792849718508,2,0,1,1,0,0,0
3,1,15.0,0,0,-0.5026662210416497,1,0,1,1,1,0,1
3,0,28.0,0,0,-0.4860644283474587,0,0,1,1,0,0,0
3,1,18.0,0,0,-0.4915983592455224,0,0,1,1,1,0,0
3,0,30.0,0,0,-0.4860644283474587,0,0,1,1,0,0,0
2,0,32.0,2,0,0.8310111253916973,0,0,3,0,0,0,0
3,0,4.0,4,1,-0.0619640877049421,2,0,6,0,3,1,0
3,0,2.0,4,1,-0.0619640877049421,2,0,6,0,3,1,0
3,0,28.0,0,0,-0.4860644283474587,0,0,1,1,0,0,0
3,0,28.0,2,0,-0.2117987883624059,1,0,3,0,0,0,0
1,1,48.0,0,0,-0.12627440175596719,0,1,1,1,2,0,1
3,0,31.0,0,0,-0.4921014438726191,2,0,1,1,0,0,0
1,0,47.0,0,0,0.03655598098865854,0,1,1,1,0,0,0
3,1,26.0,1,0,-0.32407117842232186,0,0,2,0,2,0,0
3,0,9.0,5,2,0.29572908216081034,0,0,8,0,3,1,0
3,0,19.0,0,0,-0.4860644283474587,0,0,1,1,0,0,1
3,0,28.0,0,0,-0.4860644283474587,0,0,1,1,0,0,0
3,0,22.0,0,0,-0.4599040277384304,0,0,1,1,0,0,0
3,0,28.0,0,0,-0.5026662210416497,1,0,1,1,0,0,0
2,0,28.0,0,1,0.01601402949504613,0,0,2,0,4,0,0
2,1,24.0,2,3,-0.27074420795007187,0,0,6,0,2,0,1
3,0,17.0,0,0,-0.4737388549835896,0,0,1,1,0,0,0
3,0,28.0,1,0,-0.33614520947264265,2,0,2,0,0,0,0
3,1,28.0,3,1,-0.13558146735725615,0,0,5,0,1,0,0
3,0,21.0,0,0,-0.4860644283474587,0,0,1,1,0,0,0
1,0,51.0,0,0,-0.11378180429590201,0,1,1,1,0,0,1
3,1,3.0,3,1,-0.22395733763007894,0,0,5,0,1,1,0
3,1,0.75,2,1,-0.26051549131194185,1,0,4,0,1,1,1
3,0,28.0,0,0,-0.5025817028242976,1,0,1,1,0,0,0
3,0,34.0,0,0,-0.4860644283474587,0,0,1,1,0,0,0
2,1,18.0,0,1,-0.18521982134363318,0,0,2,0,1,0,1
1,1,44.0,0,0,-0.09022134503970944,1,1,1,1,2,0,1
3,0,28.0,0,0,-0.3562685945565106,0,0,1,1,0,0,0
3,0,28.0,0,0,-0.45688551997585025,0,0,1,1,0,0,0
3,1,37.0,0,0,-0.4551247237810118,0,0,1,1,1,0,0
2,0,21.0,1,0,-0.4166387498081144,0,0,2,0,0,0,0
1,0,36.0,1,0,0.9386712355903907,0,1,2,0,0,0,0
3,0,32.0,0,0,-0.4885798514829422,0,0,1,1,0,0,1
3,1,28.0,1,2,-0.17616429805589262,0,0,4,0,1,0,0
3,0,26.0,0,0,-0.4915983592455224,0,0,1,1,0,0,0
1,0,80.0,0,0,-0.04435612575655766,0,1,1,1,0,0,1
3,0,55.5,0,0,-0.4860644283474587,0,0,1,1,0,0,0
2,0,60.0,1,1,0.1367543399982537,0,0,3,0,0,0,0
3,0,28.0,0,0,-0.4924375044035197,2,0,1,1,0,0,0
3,0,18.0,0,0,-0.4915983592455224,0,0,1,1,0,0,0
3,1,14.5,1,0,-0.3571902455933517,1,0,2,0,1,0,0
2,0,19.0,0,0,-0.4367621348919823,0,0,1,1,0,0,1
2,1,4.0,2,1,0.1367543399982537,0,1,4,0,1,1,1
3,0,33.0,0,0,-0.47390587907978576,0,0,1,1,0,0,0
3,0,21.0,0,0,-0.4924375044035197,2,0,1,1,0,0,0
3,1,10.0,0,2,-0.16207792849718508,0,0,3,0,1,1,0
2,0,47.0,0,0,-0.3462069020145766,0,0,1,1,0,0,0
3,1,2.0,4,2,-0.018698809774626075,0,0,7,0,1,1,0
2,1,29.0,1,0,-0.12484966609202938,0,0,2,0,2,0,1
1,1,22.0,1,0,0.6921597683130085,0,1,2,0,2,0,1
3,0,28.0,1,0,-0.32910202469328886,0,0,2,0,0,0,0
1,0,28.0,0,0,-0.050393141281718054,1,1,1,1,0,0,1
3,0,26.0,0,0,-0.2699895810094268,1,0,1,1,0,0,1
3,0,33.0,0,0,-0.45688551997585025,0,0,1,1,0,0,0
2,1,27.0,0,0,-0.4367621348919823,0,1,1,1,1,0,1
3,1,27.0,0,2,-0.4240179951183688,0,0,3,0,2,0,1
2,0,34.0,0,0,-0.38645367218231247,0,0,1,1,0,0,0
3,0,28.0,0,0,-0.5025817028242976,1,0,1,1,0,0,1
1,0,30.0,0,0,-0.0896337421952605,1,1,1,1,0,0,0
3,0,30.0,1,0,-0.32407117842232186,0,0,2,0,0,0,0
2,1,28.0,0,0,-0.3995338724868266,2,1,1,1,1,0,1
3,0,28.0,0,0,-0.4915983592455224,0,0,1,1,0,0,0
1,1,53.0,2,0,0.3878780871368584,0,1,3,0,2,0,1
3,0,32.0,0,0,-0.4885798514829422,0,0,1,1,0,0,0
2,0,52.0,0,0,-0.38645367218231247,0,0,1,1,0,0,0
1,0,52.0,1,1,0.9547699436574852,0,1,3,0,0,0,0
3,1,39.0,1,5,-0.018698809774626075,0,0,7,0,2,0,0
1,1,2.0,1,2,2.4016413311875895,0,1,4,0,1,1,0
3,0,44.0,0,0,-0.4885798514829422,0,0,1,1,0,0,1
2,0,51.0,0,0,-0.3960122800971498,0,0,1,1,4,0,0
2,0,39.0,0,0,-0.12484966609202938,0,0,1,1,0,0,0
1,0,46.0,0,0,0.9457144203697446,1,1,1,1,0,0,0
1,0,17.0,0,2,1.5832896669974574,1,1,3,0,0,0,1
3,0,30.0,0,0,-0.4860644283474587,0,0,1,1,0,0,0
3,1,9.0,2,2,0.043683683985364534,0,0,5,0,1,1,0
3,0,27.0,0,0,-0.49117979283577795,0,0,1,1,0,0,1
3,0,21.0,0,0,-0.4737388549835896,0,0,1,1,0,0,0
3,0,28.0,0,0,0.4888290607485903,0,0,1,1,0,0,0
3,0,26.0,0,0,-0.4891674543273911,0,0,1,1,0,0,0
3,0,3.0,1,1,-0.32809585543909553,0,0,3,0,3,1,1
2,0,48.0,0,0,-0.38645367218231247,0,0,1,1,0,0,0
1,1,36.0,0,0,2.0813434478231883,1,1,1,1,1,0,1
3,1,28.0,1,0,-0.33614520947264265,2,0,2,0,2,0,1
2,1,32.5,0,0,-0.38645367218231247,0,1,1,1,1,0,1
1,1,33.0,0,0,1.0926151314819803,0,1,1,1,5,0,1
2,1,22.0,1,2,0.1886565748065659,1,0,4,0,2,0,1
3,0,19.0,0,0,-0.512224828956487,2,0,1,1,0,0,0
3,0,74.0,0,0,-0.4915983592455224,0,0,1,1,0,0,0
3,0,42.0,0,1,-0.4789367253507527,0,0,2,0,0,0,0
1,1,40.0,0,0,2.440127305160487,0,1,1,1,1,0,1
3,1,35.0,1,1,-0.24055913032426998,0,0,3,0,2,0,1
3,1,24.0,0,0,-0.4699657202803644,0,0,1,1,1,0,0
3,0,39.0,0,0,-0.4885798514829422,0,0,1,1,0,0,1
2,0,32.5,1,0,-0.04293139009261984,1,0,2,0,0,0,0
2,0,1.0,2,1,0.1367543399982537,0,1,4,0,3,1,1
3,0,34.0,0,0,-0.5173401934448063,0,0,1,1,0,0,0
1,0,64.0,1,4,4.644392598784671,0,1,6,0,0,0,0
3,1,25.0,0,0,-0.4915983592455224,0,0,1,1,1,0,0
3,1,28.0,0,0,-0.4860644283474587,0,0,1,1,2,0,0
3,0,1.0,1,2,-0.23401903017201292,0,0,4,0,3,1,1
3,0,45.0,0,0,-0.5076970673126168,0,0,1,1,0,0,0
2,0,31.0,1,1,-0.1198188198210624,0,0,3,0,0,0,0
3,1,21.0,1,0,-0.45034541982359316,0,0,2,0,1,0,0
3,0,25.0,0,0,-0.4891674543273911,0,0,1,1,0,0,0
1,1,15.0,0,1,3.604768216889343,0,1,2,0,1,0,1
3,0,26.0,0,0,-0.4893344784235873,0,0,1,1,0,0,0
2,0,30.0,0,0,-0.4367621348919823,0,0,1,1,0,0,0
1,1,24.0,0,0,0.746492908039452,1,1,1,1,1,0,1
2,0,35.0,0,0,-0.4367621348919823,0,0,1,1,0,0,0
2,0,70.0,0,0,-0.4367621348919823,0,0,1,1,0,0,0
1,0,28.0,0,0,-0.6480576782725955,0,1,1,1,0,0,0
3,0,21.0,0,0,-0.32407117842232186,0,0,1,1,0,0,0
3,1,18.0,0,1,-0.4599040277384304,0,0,2,0,2,0,1
3,1,28.0,0,0,-0.4843036321526203,2,0,1,1,1,0,0
3,0,1.0,5,2,0.29572908216081034,0,0,8,0,3,1,0
3,1,28.0,8,2,0.751523754310419,0,0,11,0,1,0,0
3,0,26.0,0,0,0.4888290607485903,0,0,1,1,0,0,1
3,0,25.0,1,0,-0.4915983592455224,0,0,2,0,0,0,1
2,0,28.0,0,0,-0.6480576782725955,0,0,1,1,0,0,0
3,0,20.0,0,0,-0.45688551997585025,0,0,1,1,0,0,0
1,1,54.0,1,0,0.9269332650709706,1,1,2,0,1,0,1
3,0,22.0,0,0,-0.4860644283474587,0,0,1,1,0,0,0
2,0,59.0,0,0,-0.3763919796403785,0,0,1,1,0,0,0
2,1,54.0,1,3,-0.18521982134363318,0,0,5,0,2,0,1
1,0,27.0,0,0,-0.03429443321462369,0,0,1,1,0,0,1
1,0,31.0,1,0,0.3983583460885368,0,1,2,0,0,0,0
1,0,22.0,0,0,2.0813434478231883,1,0,1,1,0,0,0
1,0,33.0,0,0,-0.5474407528532559,0,1,1,1,0,0,0
3,0,6.0,0,1,-0.3970184493513431,0,1,2,0,3,1,1
3,1,5.0,4,2,-0.01643492895269092,0,0,7,0,1,1,1
1,0,39.0,0,0,-0.6480576782725955,0,1,1,1,0,0,0
3,0,24.5,0,0,-0.4860644283474587,0,0,1,1,0,0,0
2,0,54.0,0,0,-0.36633028709844456,0,0,1,1,4,0,0
3,0,28.0,0,0,-0.4961261208893927,0,0,1,1,0,0,0
3,0,28.0,0,0,-0.4891674543273911,0,0,1,1,0,0,0
3,0,30.0,0,0,-0.5025817028242976,1,0,1,1,0,0,0
3,1,28.0,0,0,-0.48950150251978336,2,0,1,1,1,0,1
1,1,35.0,0,0,9.661740103037395,1,0,1,1,1,0,1
1,1,21.0,0,0,0.9207272131111056,0,1,1,1,1,0,1
1,0,32.0,0,0,-0.03429443321462369,1,1,1,1,4,0,1
3,0,16.0,0,0,-0.45688551997585025,0,0,1,1,0,0,0
3,1,22.0,0,0,-0.5021631364145531,0,0,1,1,1,0,1
3,0,28.0,0,0,-0.4891674543273911,0,0,1,1,0,0,0
1,0,38.0,1,0,1.1630469792755183,0,1,2,0,0,0,1
3,0,28.0,8,2,0.751523754310419,0,0,11,0,0,0,0
2,0,25.0,1,0,-0.12484966609202938,0,0,2,0,0,0,0
2,1,33.0,1,2,-0.0896337421952605,0,0,4,0,2,0,1
3,1,28.0,1,0,-0.32407117842232186,0,0,2,0,2,0,1
1,0,18.0,1,0,1.5433789573606223,1,1,2,0,0,0,0
3,0,28.0,1,0,-0.32407117842232186,0,0,2,0,0,0,0
3,0,28.0,0,0,-0.4891674543273911,0,0,1,1,0,0,0
3,0,2.0,4,1,0.15058916724341292,0,0,6,0,3,1,0
3,0,0.42,0,1,-0.4766728445288176,1,0,2,0,3,1,1
2,0,26.0,0,0,-0.4367621348919823,0,0,1,1,0,0,0
3,0,41.0,0,0,-0.5046785595500366,0,0,1,1,0,0,0
1,0,48.0,1,0,0.8959935605045237,1,1,2,0,0,0,1
2,1,48.0,1,2,0.6599623521788199,0,0,4,0,2,0,1
1,1,48.0,1,0,0.1488283710485745,1,1,2,0,5,0,1
3,0,4.0,4,2,-0.018698809774626075,0,0,7,0,3,1,0
1,1,39.0,1,0,0.4768395479156217,0,1,2,0,2,0,1
3,1,33.0,3,0,-0.32910202469328886,0,0,4,0,2,0,1
2,0,29.0,0,0,-0.4367621348919823,0,0,1,1,0,0,0
1,0,49.0,1,1,1.5832896669974574,1,1,3,0,0,0,0
3,0,28.0,8,2,0.751523754310419,0,0,11,0,3,0,0
3,0,28.0,0,0,-0.5025817028242976,1,0,1,1,0,0,0
1,0,42.0,1,0,0.3983583460885368,0,0,2,0,0,0,0
1,1,36.0,0,2,0.7807026626820275,0,1,3,0,1,0,1
1,0,61.0,0,0,0.0260757220369801,0,1,1,1,0,0,0
3,1,18.0,0,0,-0.512224828956487,2,0,1,1,1,0,0
3,1,18.0,0,0,-0.49721680836093834,0,0,1,1,1,0,1
2,0,0.67,1,1,-0.3562685945565106,0,0,3,0,3,1,1
3,0,32.0,0,0,0.4888290607485903,0,0,1,1,0,0,1
3,0,28.0,0,0,-0.4860644283474587,0,0,1,1,0,0,0
3,0,28.0,0,0,-0.4860644283474587,0,0,1,1,0,0,0
3,1,28.0,1,0,-0.3571902455933517,1,0,2,0,1,0,0
3,0,16.0,0,0,-0.4860644283474587,0,0,1,1,0,0,0
1,0,31.0,1,0,0.49897527150787646,0,1,2,0,0,0,1
1,0,48.0,0,0,-0.11378180429590201,0,1,1,1,0,0,1
3,0,22.0,0,0,-0.5026662210416497,1,0,1,1,0,0,1
3,1,13.0,0,0,-0.5025817028242976,1,0,1,1,1,0,1
3,0,32.0,1,0,-0.32910202469328886,0,0,2,0,0,0,0
3,0,28.0,2,0,-0.4885798514829422,0,0,3,0,0,0,0
2,0,46.0,0,0,-0.12484966609202938,0,0,1,1,0,0,0
3,0,28.0,0,0,-0.49117979283577795,0,0,1,1,0,0,0
2,0,42.0,1,0,-0.10472628100816145,0,0,2,0,0,0,0
3,0,35.0,0,0,-0.4860644283474587,0,0,1,1,0,0,0
3,1,2.0,3,2,-0.08661523443268034,0,0,6,0,1,1,0
3,1,31.0,0,0,-0.47332028857384517,0,0,1,1,2,0,1
3,1,28.0,1,0,-0.33614520947264265,2,0,2,0,1,0,1
3,0,28.0,0,0,-0.4891674543273911,0,0,1,1,0,0,0
2,1,19.0,1,0,-0.12484966609202938,0,0,2,0,2,0,1
3,0,20.0,0,0,-0.4737388549835896,0,0,1,1,0,0,0
3,0,14.0,5,2,0.29572908216081034,0,0,8,0,0,0,0
2,1,34.0,0,1,-0.18521982134363318,0,0,2,0,2,0,1
3,1,28.0,0,0,-0.49235298618616746,2,0,1,1,1,0,1
3,1,28.0,0,0,-0.4921014438726191,2,0,1,1,1,0,1
3,0,51.0,0,0,-0.4921014438726191,0,0,1,1,0,0,0
3,1,28.0,0,0,-0.49453234879075036,2,0,1,1,1,0,0
3,1,28.0,0,0,-0.4921014438726191,2,0,1,1,1,0,1
3,1,28.0,0,0,-0.4921014438726191,2,0,1,1,1,0,1
3,0,28.0,0,0,-0.45688551997585025,0,0,1,1,0,0,0
2,0,25.0,0,0,-0.38645367218231247,0,0,1,1,0,0,0
1,0,19.0,3,2,4.644392598784671,0,1,6,0,0,0,0
3,0,35.0,0,0,-0.4891674543273911,1,0,1,1,0,0,0
1,1,35.0,1,0,1.03174189160328,0,1,2,0,2,0,1
3,0,9.0,1,1,-0.32809585543909553,0,0,3,0,3,1,1
3,0,20.0,0,0,-0.5673125956235755,1,0,1,1,0,0,0
2,0,42.0,0,0,-0.38645367218231247,0,0,1,1,0,0,1
2,0,30.0,0,0,-0.38645367218231247,0,0,1,1,0,0,0
2,0,28.0,0,0,-0.6480576782725955,0,0,1,1,0,0,0
3,0,21.0,0,0,-0.49117979283577795,0,0,1,1,0,0,1
3,0,47.0,0,0,-0.5021631364145531,0,0,1,1,0,0,0
1,1,25.0,1,2,2.4016413311875895,0,1,4,0,2,0,0
3,0,16.0,0,0,-0.46258647497011,0,0,1,1,0,0,0
1,0,45.0,1,0,1.03174189160328,0,1,2,0,0,0,0
3,0,38.0,0,0,-0.4737388549835896,0,0,1,1,0,0,0
1,0,56.0,0,0,0.06632249220471596,1,1,1,1,5,0,1
3,1,28.0,1,1,-0.19813299755195124,1,1,3,0,1,0,1
1,0,31.0,0,0,0.36808875024538273,0,1,1,1,0,0,0
1,1,30.0,0,0,1.233478827069056,0,1,1,1,1,0,1
1,0,28.0,0,0,-0.09022134503970944,1,0,1,1,0,0,0
3,1,14.0,0,0,-0.4900045871468801,0,0,1,1,1,0,0
3,1,16.0,0,0,-0.4924375044035197,2,0,1,1,1,0,1
3,1,40.0,1,0,-0.4573886046029469,0,0,2,0,2,0,0
1,0,55.0,0,0,-0.03429443321462369,0,1,1,1,0,0,0
3,0,19.0,0,0,-0.4915983592455224,0,0,1,1,0,0,0
1,0,45.0,0,0,-0.11378180429590201,0,0,1,1,0,0,1
1,1,36.0,1,2,1.766748531791556,0,1,4,0,2,0,1
3,1,27.0,0,0,-0.4885798514829422,0,0,1,1,1,0,1
1,1,49.0,1,0,0.8959935605045237,1,1,2,0,2,0,1
1,1,41.0,0,0,2.058537615507641,1,1,1,1,1,0,1
1,0,19.0,1,0,0.42049406968079156,0,1,2,0,0,0,0
3,0,33.0,0,0,-0.4915983592455224,0,0,1,1,0,0,0
1,0,27.0,1,0,0.42049406968079156,0,1,2,0,0,0,1
1,0,28.0,0,0,-0.09022134503970944,1,0,1,1,0,0,0
1,0,35.0,0,0,-0.11906419288041732,0,1,1,1,0,0,1
3,1,29.0,1,1,-0.4375167618326274,0,1,3,0,2,0,0
2,1,30.0,3,0,-0.22546659151136902,0,0,4,0,2,0,1
3,0,34.0,0,0,-0.4860644283474587,0,0,1,1,0,0,0
3,0,29.0,0,0,-0.4891674543273911,1,0,1,1,0,0,1
1,1,19.0,0,0,-0.04435612575655766,0,1,1,1,1,0,1
1,1,35.0,0,0,2.0813434478231883,0,1,1,1,1,0,1
3,0,28.0,8,2,0.751523754310419,0,0,11,0,0,0,0
2,1,40.0,0,0,-0.33111436320167564,0,0,1,1,2,0,1
1,0,62.0,0,0,-0.11378180429590201,0,0,1,1,0,0,0
3,1,25.0,1,0,-0.4885798514829422,0,0,2,0,1,0,0
3,0,26.0,0,0,-0.4860644283474587,0,0,1,1,0,0,0
3,1,18.0,0,1,-0.3571902455933517,1,0,2,0,1,0,0
2,0,34.0,1,0,-0.22546659151136902,0,0,2,0,0,0,0
3,0,48.0,0,0,-0.4900045871468801,0,0,1,1,0,0,0
3,0,28.0,0,0,-0.4891674543273911,0,0,1,1,0,0,0
3,0,24.0,2,0,-0.16207792849718508,0,0,3,0,0,0,0
2,1,17.0,0,0,-0.40657705726618043,1,0,1,1,1,0,1
1,1,38.0,1,0,0.7864036176762872,1,1,2,0,2,0,1
3,0,28.0,0,0,-0.5025817028242976,1,0,1,1,0,0,0
3,0,40.0,0,0,-0.4891674543273911,0,0,1,1,0,0,0
3,0,22.0,0,0,-0.4669472125177842,0,0,1,1,0,0,0
3,1,2.0,0,1,-0.4375167618326274,0,1,2,0,1,1,0
1,0,28.0,1,0,1.0054969727768994,1,0,2,0,0,0,0
3,0,18.0,0,0,-0.4921014438726191,0,0,1,1,0,0,0
3,0,28.0,0,0,-0.19477842925847047,0,0,1,1,0,0,0
2,1,19.0,0,0,-0.12484966609202938,0,0,1,1,1,0,1
3,0,28.0,0,0,-0.4860644283474587,0,0,1,1,0,0,0
1,1,60.0,1,0,0.8662270492884662,1,1,2,0,2,0,1
3,0,20.0,0,0,-0.4900045871468801,0,0,1,1,0,0,0
1,0,45.0,0,0,0.06632249220471596,0,1,1,1,0,0,0
3,1,28.0,0,0,-0.4860644283474587,0,0,1,1,1,0,0
2,1,24.0,0,0,-0.38645367218231247,0,1,1,1,1,0,1
3,0,28.0,0,0,-0.4921014438726191,2,1,1,1,0,0,0
3,1,28.0,1,0,-0.33614520947264265,2,0,2,0,1,0,1
3,0,39.0,1,5,-0.018698809774626075,0,0,7,0,0,0,0
3,1,26.0,0,0,-0.4900045871468801,0,0,1,1,1,0,1
2,1,24.0,2,1,-0.10472628100816145,0,0,4,0,2,0,1
2,1,36.0,0,0,-0.38645367218231247,0,0,1,1,1,0,1
1,0,37.0,0,1,-0.050393141281718054,1,1,2,0,0,0,0
1,1,28.0,0,1,0.4587285013401406,0,1,2,0,2,0,1
2,0,28.0,0,0,-0.4367621348919823,0,0,1,1,0,0,0
3,0,19.0,0,0,-0.4891674543273911,0,0,1,1,0,0,0
3,0,43.0,0,0,-0.5182618444816475,0,0,1,1,0,0,0
1,0,25.0,1,0,1.1847641364580284,1,1,2,0,0,0,1
3,0,47.0,0,0,-0.4669472125177842,0,0,1,1,0,0,0
1,1,16.0,0,0,1.0926151314819803,0,1,1,1,1,0,1
2,0,0.83,1,1,-0.27074420795007187,0,0,3,0,3,1,1
3,0,22.0,0,0,-0.5046785595500366,0,0,1,1,0,0,0
3,0,19.0,0,0,-0.4891674543273911,0,0,1,1,0,0,0
2,0,28.0,0,0,-0.3763919796403785,0,0,1,1,0,0,0
3,0,14.0,4,1,0.15058916724341292,0,0,6,0,0,0,0
3,0,36.0,0,0,-0.4891674543273911,0,0,1,1,0,0,0
1,0,29.0,0,0,-0.04435612575655766,0,1,1,1,0,0,0
3,0,42.0,0,0,-0.49411378238100595,0,1,1,1,0,0,0
1,0,28.0,0,0,0.3983583460885368,0,1,1,1,0,0,0
1,0,27.0,0,0,0.8959935605045237,1,1,1,1,0,0,1
3,0,29.0,0,0,-0.4921014438726191,2,0,1,1,0,0,1
2,1,5.0,1,2,-0.0896337421952605,0,0,4,0,1,1,1
3,1,22.0,0,0,-0.4500938775100448,0,0,1,1,1,0,0
3,0,28.0,0,0,-0.4921014438726191,2,0,1,1,0,0,0
2,1,30.0,0,0,-0.38645367218231247,0,0,1,1,1,0,1
1,0,62.0,0,0,-0.11378180429590201,0,1,1,1,0,0,0
2,0,34.0,0,0,-0.38645367218231247,0,1,1,1,0,0,1
3,0,28.0,0,0,-0.4891674543273911,0,0,1,1,0,0,0
3,0,28.0,0,0,-0.4921014438726191,2,0,1,1,0,0,0
3,0,44.0,0,1,-0.32407117842232186,0,0,2,0,0,0,0
3,1,45.0,0,0,-0.4921014438726191,0,0,1,1,1,0,0
2,0,19.0,0,0,-0.38645367218231247,0,0,1,1,0,0,0
2,0,18.0,0,0,0.8310111253916973,0,0,1,1,0,0,0
3,0,31.0,0,0,-0.4915983592455224,0,0,1,1,0,0,0
2,0,28.0,0,0,-0.6480576782725955,0,0,1,1,0,0,0
3,0,21.0,0,0,-0.5021631364145531,0,0,1,1,0,0,0
2,0,25.0,0,0,-0.38645367218231247,0,0,1,1,0,0,0
3,0,32.0,0,0,-0.47977587050875,0,0,1,1,0,0,0
2,0,30.0,1,0,-0.16509643625976525,1,0,2,0,0,0,0
3,0,40.0,0,0,-0.5026662210416497,1,0,1,1,0,0,0
3,0,33.0,0,0,-0.4891674543273911,1,0,1,1,0,0,0
3,0,36.0,0,0,-0.49721680836093834,0,0,1,1,0,0,0
1,1,47.0,1,1,0.40951072610201644,0,1,3,0,2,0,1
2,0,34.0,1,0,-0.12484966609202938,0,0,2,0,0,0,0
3,0,19.0,0,0,-0.4860644283474587,0,0,1,1,0,0,0
3,0,28.0,0,0,-0.4860644283474587,0,0,1,1,0,0,0
2,1,50.0,0,0,-0.4367621348919823,0,0,1,1,1,0,1
3,1,28.0,2,0,-0.18018897507266618,2,0,3,0,1,0,1
3,0,28.0,1,0,-0.4921014438726191,2,0,2,0,0,0,0
2,0,28.0,0,0,-0.6480576782725955,0,0,1,1,0,0,0
3,0,28.0,0,0,-0.4860644283474587,0,0,1,1,0,0,0
3,0,35.0,0,0,-0.4860644283474587,0,0,1,1,0,0,0
2,0,35.0,0,0,-0.12484966609202938,0,0,1,1,0,0,0
1,1,18.0,1,0,3.930515512934455,1,1,2,0,2,0,1
3,1,16.0,5,2,0.29572908216081034,0,0,8,0,1,0,0
3,1,21.0,0,0,-0.49411378238100595,0,0,1,1,1,0,1
1,0,28.0,0,0,-0.02423274067268973,0,0,1,1,0,0,0
3,0,41.0,2,0,-0.36415092449386166,0,0,3,0,0,0,0
1,1,14.0,1,2,1.766748531791556,0,1,4,0,1,0,1
1,0,21.0,0,1,0.907228446396847,0,1,2,0,0,0,0
